order_id,order_value,leakage_flag,order_purchase_timestamp,order_estimated_delivery_date,order_delivered_customer_date,review_score,payment_type,customer_id,seller_id,order_status,loss_amount,delivery_delay,order_month,order_weekday,order_value_log,delay_value_interaction,pred_leak_proba,pred_loss_amount
1fda9a8d1632a5964c43fb8e64dbe3e3,0.0,1,2017-11-07 19:54:22,2017-11-24,,2.0,boleto,f94da73419386f20952c30afd48c85fb,,unavailable,0.0,0.0,2017-11,1,0.0,0.0,0.9967283,-0.16126296
2ddc0120a9ee5d965a08b68f6a3e2885,0.0,1,2017-09-24 00:24:28,2017-10-10,,2.0,boleto,5820efa64bd8d85cb4c4e67eeb40a6b9,,unavailable,0.0,0.0,2017-09,6,0.0,0.0,0.9967283,-0.16126296
309688f286ca9fb39735664ba1e37b29,0.0,1,2017-11-26 22:38:45,2017-12-18,,2.0,boleto,be9e16f7c118e7f49f6399f01fb4a48c,,unavailable,0.0,0.0,2017-11,6,0.0,0.0,0.9967283,-0.16126296
402e0a2ad64d2f2b8f0d06d436789aca,0.0,1,2017-10-21 10:58:06,2017-11-09,,2.0,boleto,84c6bfb65cffd4c4fbaabe31622495f5,,unavailable,0.0,0.0,2017-10,5,0.0,0.0,0.9967283,-0.16126296
4af4d191d7e83818829a9af9ea7fcdfc,0.0,1,2017-07-02 20:05:48,2017-07-14,,2.0,boleto,0adc3e20e5189e89caeceafdbcb0646e,,unavailable,0.0,0.0,2017-07,6,0.0,0.0,0.9967283,-0.16126296
a2dd87f10cd0b3cdb73c6ba52e333250,0.0,1,2017-10-11 18:51:26,2017-11-07,,2.0,boleto,21c0c4d41202817c20b246e5a5070ac4,,unavailable,0.0,0.0,2017-10,2,0.0,0.0,0.9967283,-0.16126296
ac446e82125c862fbe4c638d69f807bb,0.0,1,2017-04-06 13:17:49,2017-04-28,,2.0,boleto,259d52789dc5f2323c01238c73a28abc,,unavailable,0.0,0.0,2017-04,3,0.0,0.0,0.9967283,-0.16126296
d8198b1933966d7baf7a7d758bdde142,0.0,1,2017-08-09 13:34:56,2017-08-29,,2.0,boleto,24eab5309a4f60346c0fe93388afe166,,unavailable,0.0,0.0,2017-08,2,0.0,0.0,0.9967283,-0.16126296
01cb6d702e5233235f4125309d184bf4,0.0,1,2017-01-31 17:48:07,2017-03-10,,3.0,boleto,cf52d3f2132b17f52fdf4b40c135163e,,unavailable,0.0,0.0,2017-01,1,0.0,0.0,0.99557143,0.5785122
03227bf7c543bbee4efa38bb6c6763c8,0.0,1,2017-09-08 17:57:39,2017-09-25,,3.0,boleto,416d631088217221eb0b4c18b9b8992f,,unavailable,0.0,0.0,2017-09,4,0.0,0.0,0.99557143,0.5785122
261e56a43de07e1b1bc9e8615c8e8aa9,0.0,1,2017-08-30 15:17:09,2017-09-18,,3.0,boleto,d37b279f2460117555674ab42f173063,,unavailable,0.0,0.0,2017-08,2,0.0,0.0,0.99557143,0.5785122
2e287cee637969033ec9ab49602e61ef,0.0,1,2017-01-30 15:48:53,2017-03-10,,3.0,boleto,bf6418c67d6b29aada7d4a9a0cfb3e09,,unavailable,0.0,0.0,2017-01,0,0.0,0.0,0.99557143,0.5785122
4a1c879db7056f078a037fdf72b6d0fc,0.0,1,2018-07-10 19:11:10,2018-07-26,,3.0,boleto,d34411df392e5437e4582b81f9ecb90d,,unavailable,0.0,0.0,2018-07,1,0.0,0.0,0.99557143,0.5785122
52ffca67c47f7bc4350f82b1d2c20dec,0.0,1,2017-11-26 18:42:08,2017-12-20,,3.0,boleto,30b783882dd8572d3cf6a4ac7e605272,,canceled,0.0,0.0,2017-11,6,0.0,0.0,0.99557143,0.5785122
6f04a69509e62866b1837e6a4f22c47f,0.0,1,2017-06-12 12:04:09,2017-07-05,,3.0,boleto,a20d6adbad4402ec49b426fb65e5700a,,unavailable,0.0,0.0,2017-06,0,0.0,0.0,0.99557143,0.5785122
9e99d220ca1057d22b317d36cf203620,0.0,1,2018-01-03 17:05:21,2018-02-01,,3.0,boleto,60ff6e09a676bfa797f0ae3f1282ce4d,,unavailable,0.0,0.0,2018-01,2,0.0,0.0,0.99557143,0.5785122
df8282afe61008dc26c6c31011474d02,0.0,1,2017-03-04 12:14:30,2017-04-10,,3.0,boleto,aa797b187b5466bc6925aaaa4bb3bed1,,canceled,0.0,0.0,2017-03,5,0.0,0.0,0.99557143,0.5785122
e9b878264e94e17134221e4e9afd378b,0.0,1,2018-03-09 10:42:40,2018-03-21,,3.0,boleto,47062495a6dd8f01a38c445282e7a30a,,unavailable,0.0,0.0,2018-03,4,0.0,0.0,0.99557143,0.5785122
ebcb685bc1704615fc22e5a0b73f2dc7,0.0,1,2017-05-24 19:10:03,2017-06-13,,3.0,boleto,a4747f37f033452617ad330896f582c6,,unavailable,0.0,0.0,2017-05,2,0.0,0.0,0.99557143,0.5785122
fb4ea753f638936f56b4df5d03dc07bb,0.0,1,2018-01-13 20:11:23,2018-01-30,,3.0,boleto,0ccfdd2d2cd158609cae8977fb5327fc,,unavailable,0.0,0.0,2018-01,5,0.0,0.0,0.99557143,0.5785122
0b398dbb3e7c81005f3c69b01488c4c9,0.0,1,2017-09-27 20:51:53,2017-10-24,,2.0,voucher,d5a8b5d8ed21f5234e1278a477e751a9,,unavailable,0.0,0.0,2017-09,2,0.0,0.0,0.9950211,0.4621564
1ad22e16129698e1a3cc11e4350d2cb7,0.0,1,2018-09-12 15:32:16,2018-09-26,,2.0,voucher,d6441eef3f37c3edb0d5634c3c85120b,,canceled,0.0,0.0,2018-09,2,0.0,0.0,0.9950211,0.4621564
2663ce3526465b7ee9809428adabdc45,0.0,1,2018-08-30 13:07:46,2018-09-12,,2.0,voucher,032a544bbe984490f6ff7450e3c8b0bc,,canceled,0.0,0.0,2018-08,3,0.0,0.0,0.9950211,0.4621564
2bb02fdf5637a68cd5d13c78c37c3376,0.0,1,2018-08-09 10:55:10,2018-08-17,,2.0,voucher,8c468917b274857623298a1627369866,,canceled,0.0,0.0,2018-08,3,0.0,0.0,0.9950211,0.4621564
616fa7d4871b87832197b2a137a115d2,0.0,1,2018-10-01 15:30:09,2018-10-23,,2.0,voucher,bf6181a85bbb4115736c0a8db1a53be3,,canceled,0.0,0.0,2018-10,0,0.0,0.0,0.9950211,0.4621564
65fdcb432cb9cfa970e3a3817b39040d,0.0,1,2018-08-29 08:44:38,2018-09-13,,2.0,voucher,bb8cc73ebebcd23c9f69c52637229c53,,canceled,0.0,0.0,2018-08,2,0.0,0.0,0.9950211,0.4621564
896fbd78a9ef3839b34b893f48f6bc67,0.0,1,2018-05-12 01:48:33,2018-05-30,,2.0,voucher,20153d17ff713721abd8b4c082d5e4d5,,canceled,0.0,0.0,2018-05,5,0.0,0.0,0.9950211,0.4621564
bd35b677fd239386e9861d11ae98ab56,0.0,1,2018-09-17 17:21:16,2018-10-01,,2.0,voucher,ad2eb5d02c0808bcd8743117f6383cf6,,canceled,0.0,0.0,2018-09,0,0.0,0.0,0.9950211,0.4621564
c021ea4a80ce0d1bce358a2f831c34db,0.0,1,2018-08-07 15:40:54,2018-09-06,,2.0,voucher,d5868f39eb4669f88b12b8f3d0d294d6,,canceled,0.0,0.0,2018-08,1,0.0,0.0,0.9950211,0.4621564
d2bc174d5c413f457a21db6899afb682,0.0,1,2018-08-09 09:50:42,2018-09-14,,2.0,voucher,0337719c3caba8187a276942d35347fd,,canceled,0.0,0.0,2018-08,3,0.0,0.0,0.9950211,0.4621564
e49e7ce1471b4693482d40c2bd3ad196,0.0,1,2018-08-07 11:16:28,2018-08-10,,2.0,voucher,e4e7ab3f449aeb401f0216f86c2104db,,canceled,0.0,0.0,2018-08,1,0.0,0.0,0.9950211,0.4621564
ed3efbd3a87bea76c2812c66a0b32219,0.0,1,2018-09-20 13:54:16,2018-10-17,,2.0,voucher,191984a8ba4cbb2145acb4fe35b69664,,canceled,0.0,0.0,2018-09,3,0.0,0.0,0.9950211,0.4621564
f86d7bc39aab05299691322044b63bb2,0.0,1,2018-08-13 18:43:06,2018-09-25,,2.0,voucher,ff31bee1ba4bba00cc14b1b91c8d28f3,,canceled,0.0,0.0,2018-08,0,0.0,0.0,0.9950211,0.4621564
236e6ec6171c1870d4bcf4ccfad87f49,0.0,1,2018-08-21 15:12:31,2018-09-11,,4.0,voucher,0fa12cb295663a40f53876e73aa7c460,,canceled,0.0,0.0,2018-08,1,0.0,0.0,0.9944331,1.946711
7b417e4ab50fe706033d4fe21c659f3b,0.0,1,2018-08-16 17:09:19,2018-09-28,,4.0,voucher,e4391b06d30bdd3d98928398d84059f8,,canceled,0.0,0.0,2018-08,3,0.0,0.0,0.9944331,1.946711
947e9c6bfd83a06953c420ef92d3da6e,0.0,1,2018-08-15 15:13:32,2018-08-28,,4.0,voucher,2737211835d5ea370af15ee145f7840c,,canceled,0.0,0.0,2018-08,2,0.0,0.0,0.9944331,1.946711
a89abace0dcc01eeb267a9660b5ac126,0.0,1,2018-09-06 18:45:47,2018-09-27,,4.0,voucher,2f0524a7b1b3845a1a57fcf3910c4333,,canceled,0.0,0.0,2018-09,3,0.0,0.0,0.9944331,1.946711
c306eca42d32507b970739b5b6a5a33a,0.0,1,2018-08-13 09:14:07,2018-09-05,,4.0,voucher,24b0e2bd287e47d54d193e7bbb51103f,,canceled,0.0,0.0,2018-08,0,0.0,0.0,0.9944331,1.946711
a0c1b0545665f839199e53177bc639f7,0.0,1,2017-11-23 23:03:25,2017-12-15,,3.0,debit_card,866945c325644a98b1356b2b50663c05,,unavailable,0.0,0.0,2017-11,3,0.0,0.0,0.99397755,0.44536456
0a472c47d928bf4cd8b6a7a30345eeb7,0.0,1,2018-08-30 10:14:00,2018-10-02,,3.0,voucher,8762d94c493b70216cd453ea2320234e,,canceled,0.0,0.0,2018-08,3,0.0,0.0,0.99279517,1.3552574
15ec3d48383c58c0dc96cd66f8884630,0.0,1,2018-08-23 15:17:19,2018-09-20,,3.0,voucher,fc768a2275c44d9383cc6926adac469d,,canceled,0.0,0.0,2018-08,3,0.0,0.0,0.99279517,1.3552574
1a5d21f44c73693b9930d0ca33a9d0b1,0.0,1,2018-08-16 17:50:14,2018-09-12,,3.0,voucher,a21871375ed19fc3f2d8c62fdc75b9dc,,canceled,0.0,0.0,2018-08,3,0.0,0.0,0.99279517,1.3552574
47282cfe5747c1c19920f090e491d285,0.0,1,2018-08-23 12:38:08,2018-09-06,,3.0,voucher,3483b2a9e678865616e7d1b69b28dd4c,,canceled,0.0,0.0,2018-08,3,0.0,0.0,0.99279517,1.3552574
503e8daafed23dbae78ff210f2d41f0f,0.0,1,2018-08-20 14:16:15,2018-09-04,,3.0,voucher,b803a36f5b9d8d6f91c23a92d2e5bac2,,canceled,0.0,0.0,2018-08,0,0.0,0.0,0.99279517,1.3552574
5290c34bd38a8a095b885f13958db1e1,0.0,1,2018-08-21 10:25:18,2018-09-06,,3.0,voucher,92af427e290117f39d9ff908566072e0,,canceled,0.0,0.0,2018-08,1,0.0,0.0,0.99279517,1.3552574
81b7c7bbc8ec003eeb67d87441a6a148,0.0,1,2018-08-20 09:03:23,2018-09-03,,3.0,voucher,75c6e03e7206bd1dd59f427c9f75142a,,canceled,0.0,0.0,2018-08,0,0.0,0.0,0.99279517,1.3552574
b102b42cde7719ae4b7c0163cf4d7dbe,0.0,1,2018-08-29 10:15:27,2018-09-05,,3.0,voucher,6df75bdce4569326dcfdf7fc9bbe5981,,canceled,0.0,0.0,2018-08,2,0.0,0.0,0.99279517,1.3552574
b6e63e74aff84a068fdc1b41e9ac29ea,0.0,1,2018-08-07 10:44:34,2018-08-21,,3.0,voucher,f0375e81392cb7499b1139be16fd21e2,,canceled,0.0,0.0,2018-08,1,0.0,0.0,0.99279517,1.3552574
05c852fbe20c108caf9f479633cbe088,0.0,1,2018-07-12 12:21:56,2018-07-24,,1.0,debit_card,30dc58c87bd6ea55196ceaded4afcf91,,unavailable,0.0,0.0,2018-07,3,0.0,0.0,0.9908661,0.279047
4a44e928d587e7cd7068ea354471c477,0.0,1,2018-06-05 13:51:50,2018-06-21,,1.0,debit_card,f04cee5f84e73924695f31301c815ab8,,canceled,0.0,0.0,2018-06,1,0.0,0.0,0.9908661,0.279047
4cccc0d35e7c7a0dc766ad3c4043e33e,0.0,1,2018-08-10 09:32:32,2018-08-15,,1.0,debit_card,75295919398404a05b83a05a22506b41,,unavailable,0.0,0.0,2018-08,4,0.0,0.0,0.9908661,0.279047
a0141c1141d9406b48466fe4d1492bf4,0.0,1,2017-11-13 18:50:21,2017-12-13,,1.0,debit_card,70f4e83e21c469871d23f680673f2195,,unavailable,0.0,0.0,2017-11,0,0.0,0.0,0.9908661,0.279047
fe87d4b944748f63ca5ed22cc55b6fb6,0.0,1,2017-12-05 09:20:36,2017-12-21,,1.0,debit_card,d992eb012e1599214218191d39c99693,,unavailable,0.0,0.0,2017-12,1,0.0,0.0,0.9908661,0.279047
4637ca194b6387e2d538dc89b124b0ee,0.0,1,2018-09-03 14:14:25,2018-09-10,,3.0,not_defined,a73c1f73f5772cf801434bf984b0b1a7,,canceled,0.0,0.0,2018-09,0,0.0,0.0,0.9903853,0.52061653
00a500bc03bc4ec968e574c2553bed4b,0.0,1,2017-11-23 10:53:01,2018-01-08,,2.0,credit_card,3d2f26eab3f79dd1fe9977f615e70c2f,,unavailable,0.0,0.0,2017-11,3,0.0,0.0,0.9836563,-0.2882208
02bfe71c2bbd56f6de9c2c357adff45c,0.0,1,2017-12-03 14:28:40,2017-12-27,,2.0,credit_card,6993a774e7e22bbbf14659e8c03da133,,unavailable,0.0,0.0,2017-12,6,0.0,0.0,0.9836563,-0.2882208
091deda616c370d63f0bf9a3f525fb34,0.0,1,2017-08-11 11:08:53,2017-09-04,,2.0,credit_card,0edf9134fdbeacc3596fa523a869ad04,,unavailable,0.0,0.0,2017-08,4,0.0,0.0,0.9836563,-0.2882208
1aecadf4362edaca7fa033e882076c8d,0.0,1,2016-10-04 10:05:45,2016-11-24,,2.0,credit_card,e81a9f176936e3124dfd90c483bf3289,,canceled,0.0,0.0,2016-10,1,0.0,0.0,0.9836563,-0.2882208
1ce8144d59eef2763c0fbaf8ffd26d31,0.0,1,2017-08-10 12:44:08,2017-09-01,,2.0,credit_card,cffd70efba7f41e519157d935120f41b,,unavailable,0.0,0.0,2017-08,3,0.0,0.0,0.9836563,-0.2882208
232674aa2334edfdd9c2dbe346291712,0.0,1,2017-11-09 23:51:34,2017-11-23,,2.0,credit_card,b8cbb2fa6090f51abb6076e2b26ca3ae,,unavailable,0.0,0.0,2017-11,3,0.0,0.0,0.9836563,-0.2882208
2b0edc4c59d83dcef85466718c36a317,0.0,1,2017-09-29 19:17:10,2017-10-17,,2.0,credit_card,5effe9491d0f5a1c12ee4a384ec09bdf,,unavailable,0.0,0.0,2017-09,4,0.0,0.0,0.9836563,-0.2882208
2b25bdbc985fdd953cced7c3fdf0a2fe,0.0,1,2017-11-18 22:23:44,2017-12-26,,2.0,credit_card,fc97d833da914adb3fc0e265d67afb35,,unavailable,0.0,0.0,2017-11,5,0.0,0.0,0.9836563,-0.2882208
2fa565240e8353e7a1ad78347f8608fa,0.0,1,2017-02-15 21:21:31,2017-03-14,,2.0,credit_card,a48e070eeacfcdb978ca3fc5c7f4557e,,unavailable,0.0,0.0,2017-02,2,0.0,0.0,0.9836563,-0.2882208
335f8f913a1d29120e07b6bb9847d73c,0.0,1,2018-05-12 15:28:13,2018-05-22,,2.0,credit_card,513f24c01c5b22fe1b97bb2ff08f1808,,unavailable,0.0,0.0,2018-05,5,0.0,0.0,0.9836563,-0.2882208
35dc5c3a87f9e9cf93676b98d4bc35a2,0.0,1,2017-02-14 14:26:02,2017-03-15,,2.0,credit_card,be59c56551fe3cef6d7019c7ab1fddb0,,unavailable,0.0,0.0,2017-02,1,0.0,0.0,0.9836563,-0.2882208
3c8702d3b056de079d6cdd6ee1ffeb55,0.0,1,2017-02-22 12:31:15,2017-03-21,,2.0,credit_card,573eb2d54aa19396d7e2ebd1ec460726,,unavailable,0.0,0.0,2017-02,2,0.0,0.0,0.9836563,-0.2882208
3cd41dc7c9fceb7de4fb0e9983a4b1ed,0.0,1,2017-10-10 23:49:13,2017-10-23,,2.0,credit_card,f8d5adc32955a3f8c92b0343deebad7f,,unavailable,0.0,0.0,2017-10,1,0.0,0.0,0.9836563,-0.2882208
410d704bdcbe2893fd5ad73fe8166f43,0.0,1,2017-12-10 15:25:51,2018-01-04,,2.0,credit_card,0424e2f81bdfb77d7c11c3f447c7b241,,unavailable,0.0,0.0,2017-12,6,0.0,0.0,0.9836563,-0.2882208
44b4829b58167b697a69c8aa8eb64733,0.0,1,2017-03-01 11:26:37,2017-03-20,,2.0,credit_card,9a4a3ebb868261c944c5ba16fdaff61b,,canceled,0.0,0.0,2017-03,2,0.0,0.0,0.9836563,-0.2882208
49c5132b03e35ffa18fdca050d1f8e33,0.0,1,2017-10-30 23:52:49,2017-11-16,,2.0,credit_card,822331095c3e3d597632c846113e27d3,,unavailable,0.0,0.0,2017-10,0,0.0,0.0,0.9836563,-0.2882208
7018a2cb4802de2f9ed4b09b6a98e6fd,0.0,1,2017-12-10 10:27:39,2018-01-24,,2.0,credit_card,885a9dace03d5ee78e1639818cf8ca76,,canceled,0.0,0.0,2017-12,6,0.0,0.0,0.9836563,-0.2882208
7c496cea7613c2efe6033e93e573347f,0.0,1,2017-11-23 19:46:09,2017-12-14,,2.0,credit_card,2b629d0b742814e674442efd475d0c7c,,unavailable,0.0,0.0,2017-11,3,0.0,0.0,0.9836563,-0.2882208
80f0181edc2f4a5bd3384a3c39a83cee,0.0,1,2018-01-14 19:24:28,2018-01-30,,2.0,credit_card,9ce9e0d0045dd13cb96601552c819eb0,,unavailable,0.0,0.0,2018-01,6,0.0,0.0,0.9836563,-0.2882208
8a20e2954602a0738f264299255fd5af,0.0,1,2017-12-27 22:41:49,2018-01-22,,2.0,credit_card,36ecc6ff2c4a59fd150e9524b12b9259,,unavailable,0.0,0.0,2017-12,2,0.0,0.0,0.9836563,-0.2882208
8d7e1e66103b85e9ab12cb65dafdf0e3,0.0,1,2017-03-25 20:36:01,2017-05-04,,2.0,credit_card,0a317dd750be47fc13457956d0a4d0b1,,unavailable,0.0,0.0,2017-03,5,0.0,0.0,0.9836563,-0.2882208
90eaac01afdf4e531a70ad869e092c75,0.0,1,2018-06-05 15:15:24,2018-08-06,,2.0,credit_card,9989fec0cc8309e9afcb1da811943f3a,,canceled,0.0,0.0,2018-06,1,0.0,0.0,0.9836563,-0.2882208
91427fef1ca1431d3d86d7bcd0b51ebc,0.0,1,2017-09-29 12:00:01,2017-10-20,,2.0,credit_card,7c76a5b5aa012d92c8ae66e6f6311db4,,unavailable,0.0,0.0,2017-09,4,0.0,0.0,0.9836563,-0.2882208
93274b931b5771bd02154c9b716168ba,0.0,1,2018-05-08 10:13:06,2018-05-25,,2.0,credit_card,0d6ea3b6f1bf6ef08e6b60ce23db077b,,canceled,0.0,0.0,2018-05,1,0.0,0.0,0.9836563,-0.2882208
940018724d5c0c1847f642dc1d8d0ea2,0.0,1,2018-04-19 14:23:49,2018-04-27,,2.0,credit_card,f0c28fc86c8f71812a74ea225c8fda1c,,unavailable,0.0,0.0,2018-04,3,0.0,0.0,0.9836563,-0.2882208
97cf031e8c5bf37a0b310c07800e323a,0.0,1,2017-09-10 15:33:30,2017-09-21,,2.0,credit_card,2bdd94bc59d052d2770bacd6d20d6a9b,,unavailable,0.0,0.0,2017-09,6,0.0,0.0,0.9836563,-0.2882208
a20244bef3bafb6f4d37e3603539336d,0.0,1,2017-12-14 10:33:27,2018-01-10,,2.0,credit_card,bdf1861e7bc387ae207eaf08463576b5,,unavailable,0.0,0.0,2017-12,3,0.0,0.0,0.9836563,-0.2882208
a327b5ecc65060cc462211724d715367,0.0,1,2017-12-08 22:41:10,2017-12-27,,2.0,credit_card,f63b5a41ad60764ade63d0cae2f8b5b2,,unavailable,0.0,0.0,2017-12,4,0.0,0.0,0.9836563,-0.2882208
ae60d8ce9aa713ec6cc02a1b15e6759e,0.0,1,2017-05-30 12:07:33,2017-06-30,,2.0,credit_card,6a8e32e45208a7e5bb55c5f84ef10e53,,unavailable,0.0,0.0,2017-05,1,0.0,0.0,0.9836563,-0.2882208
af6a9f579c74afeefcd5f32733c11a32,0.0,1,2018-03-23 16:45:16,2018-04-05,,2.0,credit_card,8d8784f0134f4d714e28bc36cb5a5101,,unavailable,0.0,0.0,2018-03,4,0.0,0.0,0.9836563,-0.2882208
b2673ed6360dc341a4728dbd632f935b,0.0,1,2018-06-26 19:21:56,2018-07-24,,2.0,credit_card,acd30e8ac809a440f8a10918d0683a17,,unavailable,0.0,0.0,2018-06,1,0.0,0.0,0.9836563,-0.2882208
b635cbb9f7c2bc5de438f7429b8490e5,0.0,1,2018-07-31 11:26:30,2018-08-10,,2.0,credit_card,d80503003ba91d9d6803f8287544782e,,unavailable,0.0,0.0,2018-07,1,0.0,0.0,0.9836563,-0.2882208
b90cc9e10252911c2092a1e49794aa13,0.0,1,2018-02-07 11:42:41,2018-02-23,,2.0,credit_card,6e1a602109cbb0df79760cab3a663991,,unavailable,0.0,0.0,2018-02,2,0.0,0.0,0.9836563,-0.2882208
c2ccb6c2af36d8492e83ecf528f2755c,0.0,1,2018-05-21 13:48:16,2018-06-05,,2.0,credit_card,07a4bb60f62e5ce83b63a08f0cd050bc,,unavailable,0.0,0.0,2018-05,0,0.0,0.0,0.9836563,-0.2882208
ccbd198eb55e22f3b2240d1605961c5f,0.0,1,2017-07-07 13:24:00,2017-07-31,,2.0,credit_card,352289eecb0665692f1020c18c945378,,unavailable,0.0,0.0,2017-07,4,0.0,0.0,0.9836563,-0.2882208
d5ab426a149bfee66ff88db9c6a8836a,0.0,1,2017-02-01 10:40:43,2017-03-14,,2.0,credit_card,fdb25d73ff1068cb0fe401c24cfaf002,,unavailable,0.0,0.0,2017-02,2,0.0,0.0,0.9836563,-0.2882208
d9091cd1d6e36cfcebc8b01aab81eff8,0.0,1,2018-01-04 11:30:24,2018-02-02,,2.0,credit_card,f58997d56b1cf164d4fb0518c0574422,,unavailable,0.0,0.0,2018-01,3,0.0,0.0,0.9836563,-0.2882208
dafb12075abc3168e9addb5ccf7a02c5,0.0,1,2017-07-16 21:59:33,2017-07-28,,2.0,credit_card,a623062e2e6941fa9cc54558ea3229a6,,canceled,0.0,0.0,2017-07,6,0.0,0.0,0.9836563,-0.2882208
e7e4ea34d176d9efab560f0db16925fb,0.0,1,2017-11-30 06:57:07,2017-12-18,,2.0,credit_card,03c19066495ef91f92b31005d5c4cccc,,unavailable,0.0,0.0,2017-11,3,0.0,0.0,0.9836563,-0.2882208
e8e186c0ebe18282aada53c56e7da34f,0.0,1,2017-05-02 07:34:35,2017-05-29,,2.0,credit_card,3b4f0692301aa019cceb68556e411f88,,canceled,0.0,0.0,2017-05,1,0.0,0.0,0.9836563,-0.2882208
f63be24880200ae32aa24f5b458a3dc3,0.0,1,2017-01-27 13:39:53,2017-03-16,,2.0,credit_card,a6954f48f5d8a0dcbad1a0921109cb56,,unavailable,0.0,0.0,2017-01,4,0.0,0.0,0.9836563,-0.2882208
04a2ba381317648726f46210a46ece95,0.0,1,2018-08-09 09:13:44,2018-09-06,,5.0,voucher,4ae0a705c852353fbcdb27f8554b6655,,canceled,0.0,0.0,2018-08,3,0.0,0.0,0.9833575,0.46450317
0cb763300f5679bee73a0b0fdfe0a2d2,0.0,1,2018-08-10 18:54:48,2018-09-04,,5.0,voucher,f3fb421cdedc2519a5d2f5c75f2cb843,,canceled,0.0,0.0,2018-08,4,0.0,0.0,0.9833575,0.46450317
129ea9ae4b85283decb23ea1756f505d,0.0,1,2018-08-09 08:09:33,2018-09-25,,5.0,voucher,8a0c8d55378e81be7bb18527a08dc0ef,,canceled,0.0,0.0,2018-08,3,0.0,0.0,0.9833575,0.46450317
3a3cddda5a7c27851bd96c3313412840,0.0,1,2018-08-31 16:13:44,2018-10-01,,5.0,voucher,0b0d6095c5555fe083844281f6b093bb,,canceled,0.0,0.0,2018-08,4,0.0,0.0,0.9833575,0.46450317
4d59cc2a2e7bb6c0a851725f5888a9b5,0.0,1,2018-09-06 14:50:07,2018-09-21,,5.0,voucher,ead83a4f8f7be8c3034b2e98754a6147,,canceled,0.0,0.0,2018-09,3,0.0,0.0,0.9833575,0.46450317
572c4bbf0f5f85a9b4a2c4fe0c7f04d5,0.0,1,2018-08-30 15:11:58,2018-09-14,,5.0,voucher,93ccdc49f22d1b0e3664b2bc328cf23d,,canceled,0.0,0.0,2018-08,3,0.0,0.0,0.9833575,0.46450317
8d4c637f1accf7a88a4555f02741e606,0.0,1,2018-08-29 16:27:49,2018-09-13,,5.0,voucher,b1dd715db389a2077f43174e7a675d07,,canceled,0.0,0.0,2018-08,2,0.0,0.0,0.9833575,0.46450317
afb61112fb99b07fe17e591c68c0c84c,0.0,1,2018-09-06 10:48:12,2018-09-19,,5.0,voucher,36b182c39933d55e307096ccc3fd2970,,canceled,0.0,0.0,2018-09,3,0.0,0.0,0.9833575,0.46450317
b059ee4de278302d550a3035c4cdb740,0.0,1,2018-10-16 20:16:02,2018-11-12,,5.0,voucher,856336203359aa6a61bf3826f7d84c49,,canceled,0.0,0.0,2018-10,1,0.0,0.0,0.9833575,0.46450317
b34369ee8397436dd7ceb8bb7783671d,0.0,1,2017-06-07 20:11:29,2017-07-04,,5.0,voucher,c96771504b0c9d89ad8da161e0e3d092,,canceled,0.0,0.0,2017-06,2,0.0,0.0,0.9833575,0.46450317
c581b368f1c9fc02caaa71e42809baf9,0.0,1,2018-08-10 14:44:24,2018-09-06,,5.0,voucher,a67066f37fd7f046f8ee58067dc9abbe,,canceled,0.0,0.0,2018-08,4,0.0,0.0,0.9833575,0.46450317
ec88cd13421e27489ffc1f352247f3a4,0.0,1,2018-08-24 16:38:44,2018-09-13,,5.0,voucher,936da706de2dfa07d2f5f8e3934836ca,,canceled,0.0,0.0,2018-08,4,0.0,0.0,0.9833575,0.46450317
0bde826daa0bd10393e958cf5d69dd26,0.0,1,2017-02-04 10:28:25,2017-03-01,,4.0,boleto,dc9e4413d260758a6e889a0f87aefa7d,,unavailable,0.0,0.0,2017-02,5,0.0,0.0,0.98268443,-0.09026879
0cfc5b8b63bf71f738f96e68adb96b3d,0.0,1,2017-12-05 20:48:42,2018-01-10,,4.0,boleto,f9627108e19721bd9781efd9f559abf0,,unavailable,0.0,0.0,2017-12,1,0.0,0.0,0.98268443,-0.09026879
1aba68837cfafa9cc4bba58efee87d4a,0.0,1,2017-10-23 10:49:50,2017-11-22,,4.0,boleto,88bab0875c657d7167d0080bbb4e794a,,unavailable,0.0,0.0,2017-10,0,0.0,0.0,0.98268443,-0.09026879
1c3a814fa046dc2f684276b1ca26786e,0.0,1,2017-04-11 08:25:26,2017-05-03,,4.0,boleto,008e1bbc8f278134d10d8788a3ca0b7c,,unavailable,0.0,0.0,2017-04,1,0.0,0.0,0.98268443,-0.09026879
38f6871a527b1bba63f4db9b0f3dee2d,8.7,0,2018-06-14 19:35:01,2018-07-11,2018-07-11 15:40:55,4.0,boleto,db49fe520cb46f61abd48dd7ac799885,d91fb3b7d041e83b64a00a3edfb37e4f,delivered,0.0,0.0,2018-06,3,2.272126,0.0,0.98268443,-0.09026879
52b7f26dd95604cb836ba17f96a6b056,0.0,1,2017-07-05 05:55:39,2017-07-18,,4.0,boleto,c0cdc356a67598956b73ccce36edc86f,,unavailable,0.0,0.0,2017-07,2,0.0,0.0,0.98268443,-0.09026879
5b9680f27b5067afded00b23f9cb4d61,0.0,1,2017-03-21 20:20:14,2017-04-24,,4.0,boleto,8b20eb37b30208feef373de67fc749e0,,canceled,0.0,0.0,2017-03,1,0.0,0.0,0.98268443,-0.09026879
672ab3776d5b25e586521469609ae774,0.0,1,2017-05-10 11:52:51,2017-05-26,,4.0,boleto,8c8b3a28c07f67148f86f297604b9875,,canceled,0.0,0.0,2017-05,2,0.0,0.0,0.98268443,-0.09026879
deb556fbebd4343315d9ab970392674c,0.0,1,2017-07-25 20:49:16,2017-08-23,,4.0,boleto,66d925f87715f42b875f1a75953baeb9,,unavailable,0.0,0.0,2017-07,1,0.0,0.0,0.98268443,-0.09026879
e22f8395265cb423def2d5c028f0f34b,0.0,1,2017-12-01 01:42:22,2017-12-28,,4.0,boleto,45360c874acf24110baf02fb5d2314d4,,canceled,0.0,0.0,2017-12,4,0.0,0.0,0.98268443,-0.09026879
03310aa823a66056268a3bab36e827fb,0.0,1,2018-08-07 16:33:59,2018-09-04,,1.0,voucher,25dbbf0c477fd4ae0880aaffbb12e8b3,,canceled,0.0,0.0,2018-08,1,0.0,0.0,0.9785179,0.28734335
04b8c60eb3cceaecde917716daa30bde,0.0,1,2017-11-27 18:35:48,2017-12-19,,1.0,voucher,a6a3ccd6981f76577a6cfcac362430b2,,unavailable,0.0,0.0,2017-11,0,0.0,0.0,0.9785179,0.28734335
0623dbbd06c0d4059dbfefab8748a491,0.0,1,2018-08-20 14:17:09,2018-09-12,,1.0,voucher,c954645fa23249e4c2b0dd3679b0b177,,canceled,0.0,0.0,2018-08,0,0.0,0.0,0.9785179,0.28734335
0d2c1a413f6aa3a36b8bb940b028f930,0.0,1,2017-11-23 11:14:30,2017-12-14,,1.0,voucher,2c5f389b555d4b71b509d8696f18b86f,,unavailable,0.0,0.0,2017-11,3,0.0,0.0,0.9785179,0.28734335
0d3adebce4bebc1f80a7f36e9833f497,0.0,1,2018-09-03 18:40:50,2018-10-02,,1.0,voucher,a7c87c25dbdded68c26c640582cb5ddb,,canceled,0.0,0.0,2018-09,0,0.0,0.0,0.9785179,0.28734335
0fb9645c128ac84788798f0129496ca7,0.0,1,2018-08-21 10:15:51,2018-09-04,,1.0,voucher,80a4c819314e5ff01e66ba8780857b4e,,canceled,0.0,0.0,2018-08,1,0.0,0.0,0.9785179,0.28734335
10a045cdf6a5650c21e9cfeb60384c16,0.0,1,2018-10-17 17:30:18,2018-10-30,,1.0,voucher,a4b417188addbc05b26b72d5e44837a1,,canceled,0.0,0.0,2018-10,2,0.0,0.0,0.9785179,0.28734335
1c7c8ab324927f5b6e52338bd110bef4,0.0,1,2017-12-23 18:48:09,2018-01-19,,1.0,voucher,95b1767df51d6fa09402267d8de314df,,unavailable,0.0,0.0,2017-12,5,0.0,0.0,0.9785179,0.28734335
20ff9b4b339b20ef47cfcda736a17a52,0.0,1,2018-01-11 11:59:41,2018-02-09,,1.0,voucher,96dfa7d4d4ac5b821ac90b04f7832ce6,,unavailable,0.0,0.0,2018-01,3,0.0,0.0,0.9785179,0.28734335
21a00b08cbeb5716bbb66105e3dbd850,0.0,1,2018-09-10 17:51:25,2018-09-20,,1.0,voucher,002b5342c72978cf0aba6aae1f5d5293,,canceled,0.0,0.0,2018-09,0,0.0,0.0,0.9785179,0.28734335
2429083883078c31cf2337ce0dd425ee,0.0,1,2017-07-06 19:25:55,2017-08-08,,1.0,voucher,5aa462ca54e8b4d65747f7987eb80e25,,unavailable,0.0,0.0,2017-07,3,0.0,0.0,0.9785179,0.28734335
27667a063cb59b5d987a5a71c192cce5,0.0,1,2018-08-27 19:54:54,2018-09-06,,1.0,voucher,abaee92d4978f8216173d5d632867746,,canceled,0.0,0.0,2018-08,0,0.0,0.0,0.9785179,0.28734335
2e3c6e30c69763a7dfe40f11a19ed3da,0.0,1,2017-10-23 18:24:27,2017-11-13,,1.0,voucher,9f33e47b96b9e034154df245350f37ee,,unavailable,0.0,0.0,2017-10,0,0.0,0.0,0.9785179,0.28734335
2e9d8db9e132a9b5e1236618b7e8ef4a,0.0,1,2018-08-09 18:42:38,2018-09-04,,1.0,voucher,51c6f517f4492a9c2ab4153e998b018e,,canceled,0.0,0.0,2018-08,3,0.0,0.0,0.9785179,0.28734335
38a86eb53c2309d6234fc9bad96331ac,0.0,1,2018-08-18 12:39:31,2018-08-29,,1.0,voucher,82d98198f7fb1687858e03a5322e1621,,canceled,0.0,0.0,2018-08,5,0.0,0.0,0.9785179,0.28734335
392ed9afd714e3c74767d0c4d3e3f477,0.0,1,2018-09-29 09:13:03,2018-10-15,,1.0,voucher,2823ffda607a2316375088e0d00005ec,,canceled,0.0,0.0,2018-09,5,0.0,0.0,0.9785179,0.28734335
3bd3b4d482f916c2c9662b8da6f2758b,0.0,1,2018-08-20 15:07:42,2018-09-04,,1.0,voucher,e1053f60223f6446d021fc034d81f5a3,,canceled,0.0,0.0,2018-08,0,0.0,0.0,0.9785179,0.28734335
3f6509ff22303ff04b9bf1b2c8bf69c6,0.0,1,2018-08-13 19:21:19,2018-08-17,,1.0,voucher,496a97eab481772b61371ad4f2d392c0,,canceled,0.0,0.0,2018-08,0,0.0,0.0,0.9785179,0.28734335
4317fe882d992cda2fb3d51baeb2751c,0.0,1,2017-10-07 11:51:46,2017-11-08,,1.0,voucher,fe3a61bdb29c2b230185ba088ac71486,,unavailable,0.0,0.0,2017-10,5,0.0,0.0,0.9785179,0.28734335
4608a27e9e60c05b054631def491e7af,0.0,1,2018-08-28 08:10:22,2018-09-12,,1.0,voucher,4fc51f554378926d8ca80aa1b1d13b1b,,canceled,0.0,0.0,2018-08,1,0.0,0.0,0.9785179,0.28734335
48f2d0b950703bfb145b7c3c0641b4bb,0.0,1,2017-08-30 01:21:05,2017-09-18,,1.0,voucher,ce68dcdb0fbc1b4172d23c2427cc635e,,unavailable,0.0,0.0,2017-08,2,0.0,0.0,0.9785179,0.28734335
4c8b9947280829d0a8b7e81cc249b875,0.0,1,2018-08-09 14:54:47,2018-08-21,,1.0,voucher,403c35c4d8813bf67b3d396b91ca1619,,canceled,0.0,0.0,2018-08,3,0.0,0.0,0.9785179,0.28734335
569d43a54c364df5b367ab33e96eacf0,0.0,1,2017-10-31 08:50:06,2017-11-08,,1.0,voucher,de67b8bed7fa293d54466d66bdaadc62,,unavailable,0.0,0.0,2017-10,1,0.0,0.0,0.9785179,0.28734335
59798edc300f7563a9bdf18b2740def9,0.0,1,2017-07-05 19:06:19,2017-07-27,,1.0,voucher,be1abfd06882c0ee1d45b976da59a494,,unavailable,0.0,0.0,2017-07,2,0.0,0.0,0.9785179,0.28734335
5aac76cf7b07dd06fa4d50bf461d2f40,0.0,1,2018-09-25 11:59:18,2018-10-11,,1.0,voucher,7a8a02e54cf3472df427e927f8b9c046,,canceled,0.0,0.0,2018-09,1,0.0,0.0,0.9785179,0.28734335
74e198a81e758ec637a42e8f2e856927,0.0,1,2018-08-18 09:27:28,2018-09-17,,1.0,voucher,cf4ac5bebc177cc2f3accbcd7e12bd50,,canceled,0.0,0.0,2018-08,5,0.0,0.0,0.9785179,0.28734335
756fc608f67478946b31c752681f27be,0.0,1,2018-08-14 08:14:45,2018-09-04,,1.0,voucher,ce5b56c495944af078df7f4e10719be7,,canceled,0.0,0.0,2018-08,1,0.0,0.0,0.9785179,0.28734335
7813842ae95e8c497fc0233232ae815a,0.0,1,2018-08-17 20:06:36,2018-09-17,,1.0,voucher,040d94f8ba8ca26014bd6f7e8a6e0c0d,,canceled,0.0,0.0,2018-08,4,0.0,0.0,0.9785179,0.28734335
85e05c3c9aa9834518f35d4f286014be,0.0,1,2018-08-28 08:18:22,2018-10-10,,1.0,voucher,1d07a80a15700b40cb15ff5870ee8b48,,canceled,0.0,0.0,2018-08,1,0.0,0.0,0.9785179,0.28734335
869997fbe01f39d184956b5c6bccfdbe,0.0,1,2018-09-26 08:40:15,2018-10-25,,1.0,voucher,55c9dad94ec1a2ba57998bdb376c230a,,canceled,0.0,0.0,2018-09,2,0.0,0.0,0.9785179,0.28734335
87ae60ef8b08ae0e5f903cacb53a6904,0.0,1,2018-09-11 16:45:54,2018-09-26,,1.0,voucher,fea4d57ed3a45455f89c25ef3dae8ee8,,canceled,0.0,0.0,2018-09,1,0.0,0.0,0.9785179,0.28734335
9380c59012c11f49c549ef8dffef1367,0.0,1,2018-08-15 11:05:44,2018-09-21,,1.0,voucher,07838708499d3eb9da748cb10b8ddf0a,,canceled,0.0,0.0,2018-08,2,0.0,0.0,0.9785179,0.28734335
9566b36fbba7756a79b5d2cba4e058d9,0.0,1,2017-07-10 16:47:00,2017-07-21,,1.0,voucher,6c60cba0b553924964bcbf588c7fec36,,unavailable,0.0,0.0,2017-07,0,0.0,0.0,0.9785179,0.28734335
98fe01bc254b759c1f2c11d77c2891d5,0.0,1,2017-10-17 18:34:56,2017-11-24,,1.0,voucher,30f3b26a06e5a67682305298f83e6be3,,unavailable,0.0,0.0,2017-10,1,0.0,0.0,0.9785179,0.28734335
a144aa25d9d14f25ee9f3ec4118e5517,0.0,1,2017-11-06 17:36:36,2017-11-24,,1.0,voucher,9353974c6d727e3739a8370ff655a774,,unavailable,0.0,0.0,2017-11,0,0.0,0.0,0.9785179,0.28734335
a2ac6dad85cf8af5b0afb510a240fe8c,0.0,1,2018-10-03 18:55:29,2018-10-16,,1.0,voucher,4c2ec60c29d10c34bd49cb88aa85cfc4,,canceled,0.0,0.0,2018-10,2,0.0,0.0,0.9785179,0.28734335
a805d7a514bcde0719f99ddf2a3bb31d,0.0,1,2018-08-17 14:17:56,2018-09-17,,1.0,voucher,7332d588234cc7f934719060d1fc60e3,,canceled,0.0,0.0,2018-08,4,0.0,0.0,0.9785179,0.28734335
afed0d88ec7753e7be8744bb66e860d1,0.0,1,2018-08-02 15:23:07,2018-08-20,,1.0,voucher,b1253701171dfb298f52a221f824e45b,,canceled,0.0,0.0,2018-08,3,0.0,0.0,0.9785179,0.28734335
b13ea375fe9c728832688264638f84cf,0.0,1,2018-08-22 18:52:29,2018-09-19,,1.0,voucher,0dc5884bc5ffba283678229f27e07ff9,,canceled,0.0,0.0,2018-08,2,0.0,0.0,0.9785179,0.28734335
b2e2410ac54dcb51230fd94aef5bcd2c,0.0,1,2017-07-31 20:46:54,2017-08-23,,1.0,voucher,04776bfb2aee6d25a15f65b172c0d92c,,unavailable,0.0,0.0,2017-07,0,0.0,0.0,0.9785179,0.28734335
b44b36e6b69be34f58753d3b56d24001,0.0,1,2018-08-08 14:27:00,2018-08-21,,1.0,voucher,a6c9cacb399083fbf6497249c9d3a140,,canceled,0.0,0.0,2018-08,2,0.0,0.0,0.9785179,0.28734335
baec85e7fa005a17b89b8bf93300cb5f,0.0,1,2018-01-12 02:07:28,2018-01-31,,1.0,voucher,7857aa0e8336a02f2fc39c3489d90e2d,,unavailable,0.0,0.0,2018-01,4,0.0,0.0,0.9785179,0.28734335
bb8edfe0742a6a0279b7dff848289568,0.0,1,2018-08-30 10:24:34,2018-09-18,,1.0,voucher,c2a1740e781cc978dbab71735cf3ce84,,canceled,0.0,0.0,2018-08,3,0.0,0.0,0.9785179,0.28734335
c774761f8e5fbbd73a64408df5698ea7,0.0,1,2017-10-21 10:38:30,2017-11-03,,1.0,voucher,518ddb65d7023b1e0ca0b66f27533d26,,unavailable,0.0,0.0,2017-10,5,0.0,0.0,0.9785179,0.28734335
cdf36cd4632fe33085adec5cf3d6b306,0.0,1,2017-02-25 20:20:04,2017-03-31,,1.0,voucher,c442e46ad092c69ea8db9cbe7b8f6e14,,unavailable,0.0,0.0,2017-02,5,0.0,0.0,0.9785179,0.28734335
cf52c3631e531c83e5f92681b933a521,0.0,1,2017-02-18 13:19:30,2017-03-31,,1.0,voucher,6835e02d97713eb97e57bbed91d829a7,,unavailable,0.0,0.0,2017-02,5,0.0,0.0,0.9785179,0.28734335
cfdfd7862e532c4ec1ed1c6a1b56d320,0.0,1,2018-09-03 18:45:34,2018-09-14,,1.0,voucher,0ab5ac09913dfd3f247c7929a3799799,,canceled,0.0,0.0,2018-09,0,0.0,0.0,0.9785179,0.28734335
dbe2d1c6c34f5c31bb6736e1720c9b7e,0.0,1,2018-08-28 12:45:15,2018-09-03,,1.0,voucher,3b5cb25012ce1400dbf62ed0995e1c14,,canceled,0.0,0.0,2018-08,1,0.0,0.0,0.9785179,0.28734335
dd38e535112fb5094b53b1997c4eda52,0.0,1,2018-08-13 13:01:54,2018-08-21,,1.0,voucher,806f601fd9936f4d97179a15b3b4c3ad,,canceled,0.0,0.0,2018-08,0,0.0,0.0,0.9785179,0.28734335
e5215415bb6f76fe3b7cb68103a0d1c0,0.0,1,2016-10-22 08:25:27,2016-10-24,,1.0,voucher,b6f6cbfc126f1ae6723fe2f9b3751208,,canceled,0.0,0.0,2016-10,5,0.0,0.0,0.9785179,0.28734335
ea844c92cf978ea23321fa7fe5871761,0.0,1,2018-09-13 09:56:12,2018-09-27,,1.0,voucher,6ddc45ad08e6a2c885ca2255fc52d6df,,canceled,0.0,0.0,2018-09,3,0.0,0.0,0.9785179,0.28734335
f81e71dd7c044a9ee7c1d6e37d68d64f,0.0,1,2018-08-15 08:34:42,2018-09-12,,1.0,voucher,953f71324f3a770118c88a42363655b2,,canceled,0.0,0.0,2018-08,2,0.0,0.0,0.9785179,0.28734335
00b1cb0320190ca0daa2c88b35206009,0.0,1,2018-08-28 15:26:39,2018-09-12,,1.0,not_defined,3532ba38a3fd242259a514ac2b6ae6b6,,canceled,0.0,0.0,2018-08,1,0.0,0.0,0.9756953,-0.15032104
c8c528189310eaa44a745b8d9d26908b,0.0,1,2018-08-28 20:05:14,2018-09-11,,1.0,not_defined,197a2a6a77da93f678ea0d379f21da0a,,canceled,0.0,0.0,2018-08,1,0.0,0.0,0.9756953,-0.15032104
00daac8efd71674d62356c2a306d1e4c,0.0,1,2017-11-21 19:20:25,2017-12-12,,1.0,credit_card,2b99e152f2351410951c503a2f6a2d7e,,unavailable,0.0,0.0,2017-11,1,0.0,0.0,0.9722134,0.003876336
016706d732e79b49035275c048edb2c4,0.0,1,2017-10-13 09:15:09,2017-11-06,,1.0,credit_card,d92a41fae88c9a36d012a5fa35c51b09,,unavailable,0.0,0.0,2017-10,4,0.0,0.0,0.9722134,0.003876336
032cf17f7a713287e46999fddea6051b,0.0,1,2016-10-07 12:21:07,2016-11-17,,1.0,credit_card,7ec44117b7760d297447f1cff2a10967,,canceled,0.0,0.0,2016-10,4,0.0,0.0,0.9722134,0.003876336
037a9cf279c376ab222c9d27be892513,0.0,1,2017-11-06 13:04:40,2017-12-06,,1.0,credit_card,6f113a5510dd5bffba3fc6b0dd006de2,,unavailable,0.0,0.0,2017-11,0,0.0,0.0,0.9722134,0.003876336
03d1edbd314ca7682ec0f3e67d3763e2,0.0,1,2017-06-29 20:04:14,2017-07-12,,1.0,credit_card,963bc458a6c7f3148e1a756a4fc1e012,,unavailable,0.0,0.0,2017-06,3,0.0,0.0,0.9722134,0.003876336
04770bff63a120fbf0eea1f62b84f8f0,0.0,1,2017-02-01 21:07:12,2017-03-10,,1.0,credit_card,830ed363f26a7624bd458c1931d348ea,,unavailable,0.0,0.0,2017-02,2,0.0,0.0,0.9722134,0.003876336
05da04fd9f94dfb49fd643216d2cbe1f,0.0,1,2018-01-04 11:33:15,2018-02-01,,1.0,credit_card,8dc1b1a511cd62c200c437fb43d2246e,,unavailable,0.0,0.0,2018-01,3,0.0,0.0,0.9722134,0.003876336
05e8a1fd3d354369a3de6e7230a3651f,0.0,1,2018-02-16 16:54:07,2018-03-12,,1.0,credit_card,6fc1bac3e55ec9c69f1f65253026ffdb,,unavailable,0.0,0.0,2018-02,4,0.0,0.0,0.9722134,0.003876336
0667c8670e40ad2783c71d45ceb361e0,0.0,1,2017-08-27 20:25:18,2017-09-20,,1.0,credit_card,2d0fe5ffb462d2ee79285cb1d75e8fbf,,unavailable,0.0,0.0,2017-08,6,0.0,0.0,0.9722134,0.003876336
075cc7ce268544c780299db653d21467,0.0,1,2018-04-20 09:39:52,2018-05-08,,1.0,credit_card,4803684a58eb452daa4190b0e1aff8fe,,unavailable,0.0,0.0,2018-04,4,0.0,0.0,0.9722134,0.003876336
084d2c70d33f8b9a1e21393471844591,0.0,1,2017-05-16 21:56:29,2017-06-05,,1.0,credit_card,65b3d39ada427bd2eb9747ba626036a9,,unavailable,0.0,0.0,2017-05,1,0.0,0.0,0.9722134,0.003876336
08ee9c1b1da47ffd2a7c7163aa134b16,0.0,1,2017-08-04 21:47:44,2017-09-06,,1.0,credit_card,b8be9aabc886bf52d9361784b379ea49,,unavailable,0.0,0.0,2017-08,4,0.0,0.0,0.9722134,0.003876336
0a6b7c79b8c67dedc51f2dea7b4e1e59,0.0,1,2018-01-13 13:27:33,2018-02-21,,1.0,credit_card,929e8b8500b8ccb7bfa2b1acf29a9459,,unavailable,0.0,0.0,2018-01,5,0.0,0.0,0.9722134,0.003876336
0cafd6a7576a6aae0f891008a87f1546,0.0,1,2017-01-20 10:31:53,2017-02-22,,1.0,credit_card,c758396a502648cb2e77ef06e0807a00,,unavailable,0.0,0.0,2017-01,4,0.0,0.0,0.9722134,0.003876336
0cb3c0cb279f04b99a10ac141fa8586f,0.0,1,2017-03-06 13:20:19,2017-03-27,,1.0,credit_card,dc89e323825a3ce463ee55c80e2288bb,,unavailable,0.0,0.0,2017-03,0,0.0,0.0,0.9722134,0.003876336
0da43144c61f413957a7e7c8b2555dad,0.0,1,2017-10-13 17:57:20,2017-11-09,,1.0,credit_card,159f001ca3b331fd9854b3260cd1cd52,,unavailable,0.0,0.0,2017-10,4,0.0,0.0,0.9722134,0.003876336
0e64b89242bbb62b8ea29c57fc8073fb,0.0,1,2017-11-23 10:53:08,2017-12-20,,1.0,credit_card,8383f6013f8c865be8aa873dce7f43a1,,unavailable,0.0,0.0,2017-11,3,0.0,0.0,0.9722134,0.003876336
0f3b2951a363f6a201ad23e3ce2c0313,0.0,1,2017-11-23 00:07:09,2017-12-13,,1.0,credit_card,ca5cc0d19a459e9c7b6f2e781c98a190,,unavailable,0.0,0.0,2017-11,3,0.0,0.0,0.9722134,0.003876336
10e080f0e43ef41f43b9ff6da4451835,0.0,1,2017-03-02 21:27:17,2017-03-28,,1.0,credit_card,015b2612205bc9e481b7443591eb08fb,,unavailable,0.0,0.0,2017-03,3,0.0,0.0,0.9722134,0.003876336
115b01b1f77f0e02812425b6f5cd8f2f,0.0,1,2018-01-19 00:08:45,2018-02-16,,1.0,credit_card,3a33c0707eef44f18059500427d00c67,,unavailable,0.0,0.0,2018-01,4,0.0,0.0,0.9722134,0.003876336
11c71300049cd2c9896b0be33f04d574,0.0,1,2017-06-15 10:07:14,2017-06-29,,1.0,credit_card,12b6d8d5e5a754c23495e232fc4c2a86,,unavailable,0.0,0.0,2017-06,3,0.0,0.0,0.9722134,0.003876336
123e27a1a4d0b2481d8618ac3dff7d4e,0.0,1,2016-10-08 12:44:32,2016-11-18,,1.0,credit_card,1fe4c3902c5bd6510a869b3d4fd3843b,,canceled,0.0,0.0,2016-10,5,0.0,0.0,0.9722134,0.003876336
127f8f54e84665683a3c9bde5b3e768c,0.0,1,2018-02-08 18:26:32,2018-03-06,,1.0,credit_card,1396bd8f880391136e575e2176f68157,,unavailable,0.0,0.0,2018-02,3,0.0,0.0,0.9722134,0.003876336
12e5a909c18964acada1ce9a760d9afe,0.0,1,2017-03-23 23:41:40,2017-04-12,,1.0,credit_card,bb70ba0acc9ac14d6ba0356f598f4bb0,,unavailable,0.0,0.0,2017-03,3,0.0,0.0,0.9722134,0.003876336
1612081119e8f23745698ad3367cc14b,0.0,1,2016-10-05 18:06:48,2016-11-17,,1.0,credit_card,20d32833d8983a835cafcd54099631a0,,unavailable,0.0,0.0,2016-10,2,0.0,0.0,0.9722134,0.003876336
16b8c07980cc1e47a31ebb35d9222807,0.0,1,2017-05-31 13:14:22,2017-06-23,,1.0,credit_card,d4c730f60fa6479e35ab867cdd3c8a9b,,unavailable,0.0,0.0,2017-05,2,0.0,0.0,0.9722134,0.003876336
1768e7971ac449abce2917f608c8a69f,0.0,1,2017-03-15 13:20:25,2017-04-12,,1.0,credit_card,989b74c3570c64316628830fe692dc3a,,unavailable,0.0,0.0,2017-03,2,0.0,0.0,0.9722134,0.003876336
1770ee9dc600eccda7bfb6c56562b91d,0.0,1,2017-08-22 19:54:54,2017-09-27,,1.0,credit_card,c17bfc06e780f1956ebe2659b2a90caa,,unavailable,0.0,0.0,2017-08,1,0.0,0.0,0.9722134,0.003876336
1800254c5ad71baad5c53866d4ed0ea0,0.0,1,2017-11-14 11:38:34,2017-12-04,,1.0,credit_card,f872eb3035d6adfa491660d3d0f8f86d,,unavailable,0.0,0.0,2017-11,1,0.0,0.0,0.9722134,0.003876336
